id,item_id,name,gender,country,age,is_speaker
0,76,"{""en"": ""Student Regular Ticket"", ""it"": ""Biglietto Regular Studenti""}",,,,
1,77,"{""en"": ""Personal Regular Ticket"", ""it"": ""Biglietto Regular Personale""}",male,IT,37,
2,77,"{""en"": ""Personal Regular Ticket"", ""it"": ""Biglietto Regular Personale""}",other,DE,33,
3,77,"{""en"": ""Personal Regular Ticket"", ""it"": ""Biglietto Regular Personale""}",male,IT,27,
4,77,"{""en"": ""Personal Regular Ticket"", ""it"": ""Biglietto Regular Personale""}",female,IT,37,
5,77,"{""en"": ""Personal Regular Ticket"", ""it"": ""Biglietto Regular Personale""}",,,50,
6,81,"{""en"": ""Personal Late Ticket"", ""it"": ""Biglietto Late Personale""}",male,IT,53,
7,81,"{""en"": ""Personal Late Ticket"", ""it"": ""Biglietto Late Personale""}",male,IT,53,
8,78,"{""en"": ""Business Regular Ticket"", ""it"": ""Biglietto Regular Business""}",,,,
9,78,"{""en"": ""Business Regular Ticket"", ""it"": ""Biglietto Regular Business""}",male,IT,42,
10,77,"{""en"": ""Personal Regular Ticket"", ""it"": ""Biglietto Regular Personale""}",female,US,0,
11,77,"{""en"": ""Personal Regular Ticket"", ""it"": ""Biglietto Regular Personale""}",male,ES,45,
12,76,"{""en"": ""Student Regular Ticket"", ""it"": ""Biglietto Regular Studenti""}",male,IT,27,TRUE
13,76,"{""en"": ""Student Regular Ticket"", ""it"": ""Biglietto Regular Studenti""}",male,IT,24,
14,77,"{""en"": ""Personal Regular Ticket"", ""it"": ""Biglietto Regular Personale""}",,,34,
15,78,"{""en"": ""Business Regular Ticket"", ""it"": ""Biglietto Regular Business""}",male,IT,45,
16,77,"{""en"": ""Personal Regular Ticket"", ""it"": ""Biglietto Regular Personale""}",male,IT,44,
17,77,"{""en"": ""Personal Regular Ticket"", ""it"": ""Biglietto Regular Personale""}",,,,
18,77,"{""en"": ""Personal Regular Ticket"", ""it"": ""Biglietto Regular Personale""}",male,IT,37,TRUE
19,77,"{""en"": ""Personal Regular Ticket"", ""it"": ""Biglietto Regular Personale""}",male,IT,27,
20,77,"{""en"": ""Personal Regular Ticket"", ""it"": ""Biglietto Regular Personale""}",male,IT,26,
21,77,"{""en"": ""Personal Regular Ticket"", ""it"": ""Biglietto Regular Personale""}",,,,
22,77,"{""en"": ""Personal Regular Ticket"", ""it"": ""Biglietto Regular Personale""}",male,IT,54,TRUE
23,77,"{""en"": ""Personal Regular Ticket"", ""it"": ""Biglietto Regular Personale""}",,,,
24,78,"{""en"": ""Business Regular Ticket"", ""it"": ""Biglietto Regular Business""}",,,,
25,77,"{""en"": ""Personal Regular Ticket"", ""it"": ""Biglietto Regular Personale""}",male,IT,29,
26,77,"{""en"": ""Personal Regular Ticket"", ""it"": ""Biglietto Regular Personale""}",not_say,BE,34,
27,77,"{""en"": ""Personal Regular Ticket"", ""it"": ""Biglietto Regular Personale""}",male,IT,46,
28,77,"{""en"": ""Personal Regular Ticket"", ""it"": ""Biglietto Regular Personale""}",,,50,
29,77,"{""en"": ""Personal Regular Ticket"", ""it"": ""Biglietto Regular Personale""}",male,IT,33,
30,77,"{""en"": ""Personal Regular Ticket"", ""it"": ""Biglietto Regular Personale""}",male,IT,37,
31,77,"{""en"": ""Personal Regular Ticket"", ""it"": ""Biglietto Regular Personale""}",male,IT,40,
32,77,"{""en"": ""Personal Regular Ticket"", ""it"": ""Biglietto Regular Personale""}",male,IT,2,
33,77,"{""en"": ""Personal Regular Ticket"", ""it"": ""Biglietto Regular Personale""}",male,US,45,
34,81,"{""en"": ""Personal Late Ticket"", ""it"": ""Biglietto Late Personale""}",male,IT,51,
35,77,"{""en"": ""Personal Regular Ticket"", ""it"": ""Biglietto Regular Personale""}",female,CO,25,
36,78,"{""en"": ""Business Regular Ticket"", ""it"": ""Biglietto Regular Business""}",,,,
37,77,"{""en"": ""Personal Regular Ticket"", ""it"": ""Biglietto Regular Personale""}",female,US,36,TRUE
38,77,"{""en"": ""Personal Regular Ticket"", ""it"": ""Biglietto Regular Personale""}",male,US,30,
39,77,"{""en"": ""Personal Regular Ticket"", ""it"": ""Biglietto Regular Personale""}",,,,
40,78,"{""en"": ""Business Regular Ticket"", ""it"": ""Biglietto Regular Business""}",male,IT,27,
41,78,"{""en"": ""Business Regular Ticket"", ""it"": ""Biglietto Regular Business""}",male,IT,0,
42,77,"{""en"": ""Personal Regular Ticket"", ""it"": ""Biglietto Regular Personale""}",male,IT,27,
43,77,"{""en"": ""Personal Regular Ticket"", ""it"": ""Biglietto Regular Personale""}",,,,
44,77,"{""en"": ""Personal Regular Ticket"", ""it"": ""Biglietto Regular Personale""}",male,IT,31,
45,77,"{""en"": ""Personal Regular Ticket"", ""it"": ""Biglietto Regular Personale""}",,,,
46,78,"{""en"": ""Business Regular Ticket"", ""it"": ""Biglietto Regular Business""}",male,DE,42,
47,78,"{""en"": ""Business Regular Ticket"", ""it"": ""Biglietto Regular Business""}",male,IT,39,
48,76,"{""en"": ""Student Regular Ticket"", ""it"": ""Biglietto Regular Studenti""}",,,,
49,77,"{""en"": ""Personal Regular Ticket"", ""it"": ""Biglietto Regular Personale""}",male,IT,31,
50,77,"{""en"": ""Personal Regular Ticket"", ""it"": ""Biglietto Regular Personale""}",male,IT,38,
51,78,"{""en"": ""Business Regular Ticket"", ""it"": ""Biglietto Regular Business""}",female,IT,44,
52,78,"{""en"": ""Business Regular Ticket"", ""it"": ""Biglietto Regular Business""}",,,,
53,77,"{""en"": ""Personal Regular Ticket"", ""it"": ""Biglietto Regular Personale""}",male,IT,30,
54,81,"{""en"": ""Personal Late Ticket"", ""it"": ""Biglietto Late Personale""}",male,US,36,
55,81,"{""en"": ""Personal Late Ticket"", ""it"": ""Biglietto Late Personale""}",,,,
56,77,"{""en"": ""Personal Regular Ticket"", ""it"": ""Biglietto Regular Personale""}",,,,
57,77,"{""en"": ""Personal Regular Ticket"", ""it"": ""Biglietto Regular Personale""}",male,IT,41,
58,77,"{""en"": ""Personal Regular Ticket"", ""it"": ""Biglietto Regular Personale""}",,,,
59,78,"{""en"": ""Business Regular Ticket"", ""it"": ""Biglietto Regular Business""}",male,IT,68,
60,77,"{""en"": ""Personal Regular Ticket"", ""it"": ""Biglietto Regular Personale""}",male,IT,32,
61,78,"{""en"": ""Business Regular Ticket"", ""it"": ""Biglietto Regular Business""}",male,DE,0,
62,78,"{""en"": ""Business Regular Ticket"", ""it"": ""Biglietto Regular Business""}",male,IT,29,
63,77,"{""en"": ""Personal Regular Ticket"", ""it"": ""Biglietto Regular Personale""}",male,IT,39,
64,78,"{""en"": ""Business Regular Ticket"", ""it"": ""Biglietto Regular Business""}",male,IT,58,
65,77,"{""en"": ""Personal Regular Ticket"", ""it"": ""Biglietto Regular Personale""}",male,IT,41,
66,77,"{""en"": ""Personal Regular Ticket"", ""it"": ""Biglietto Regular Personale""}",male,IT,26,
67,77,"{""en"": ""Personal Regular Ticket"", ""it"": ""Biglietto Regular Personale""}",male,IT,32,
68,78,"{""en"": ""Business Regular Ticket"", ""it"": ""Biglietto Regular Business""}",male,CH,28,
69,81,"{""en"": ""Personal Late Ticket"", ""it"": ""Biglietto Late Personale""}",male,CH,28,
70,82,"{""en"": ""Business Late Ticket"", ""it"": ""Biglietto Late Business""}",male,CH,28,
71,78,"{""en"": ""Business Regular Ticket"", ""it"": ""Biglietto Regular Business""}",male,CH,28,
72,77,"{""en"": ""Personal Regular Ticket"", ""it"": ""Biglietto Regular Personale""}",male,SI,34,
73,77,"{""en"": ""Personal Regular Ticket"", ""it"": ""Biglietto Regular Personale""}",,,,
74,77,"{""en"": ""Personal Regular Ticket"", ""it"": ""Biglietto Regular Personale""}",,,,
75,76,"{""en"": ""Student Regular Ticket"", ""it"": ""Biglietto Regular Studenti""}",male,IT,16,
76,77,"{""en"": ""Personal Regular Ticket"", ""it"": ""Biglietto Regular Personale""}",male,IT,23,TRUE
77,77,"{""en"": ""Personal Regular Ticket"", ""it"": ""Biglietto Regular Personale""}",male,IT,29,
78,77,"{""en"": ""Personal Regular Ticket"", ""it"": ""Biglietto Regular Personale""}",,,,
79,77,"{""en"": ""Personal Regular Ticket"", ""it"": ""Biglietto Regular Personale""}",male,IT,20,
80,77,"{""en"": ""Personal Regular Ticket"", ""it"": ""Biglietto Regular Personale""}",male,IT,22,
81,77,"{""en"": ""Personal Regular Ticket"", ""it"": ""Biglietto Regular Personale""}",male,IT,23,
82,77,"{""en"": ""Personal Regular Ticket"", ""it"": ""Biglietto Regular Personale""}",male,IT,2,
83,77,"{""en"": ""Personal Regular Ticket"", ""it"": ""Biglietto Regular Personale""}",not_say,IT,27,TRUE
84,77,"{""en"": ""Personal Regular Ticket"", ""it"": ""Biglietto Regular Personale""}",male,IT,51,
85,77,"{""en"": ""Personal Regular Ticket"", ""it"": ""Biglietto Regular Personale""}",male,IT,33,
86,77,"{""en"": ""Personal Regular Ticket"", ""it"": ""Biglietto Regular Personale""}",male,IT,25,
87,76,"{""en"": ""Student Regular Ticket"", ""it"": ""Biglietto Regular Studenti""}",,,,
88,78,"{""en"": ""Business Regular Ticket"", ""it"": ""Biglietto Regular Business""}",male,IT,45,TRUE
89,82,"{""en"": ""Business Late Ticket"", ""it"": ""Biglietto Late Business""}",male,IT,30,TRUE
90,78,"{""en"": ""Business Regular Ticket"", ""it"": ""Biglietto Regular Business""}",,,,
91,77,"{""en"": ""Personal Regular Ticket"", ""it"": ""Biglietto Regular Personale""}",male,IT,50,
92,77,"{""en"": ""Personal Regular Ticket"", ""it"": ""Biglietto Regular Personale""}",male,IT,35,
93,77,"{""en"": ""Personal Regular Ticket"", ""it"": ""Biglietto Regular Personale""}",,,,
94,78,"{""en"": ""Business Regular Ticket"", ""it"": ""Biglietto Regular Business""}",male,IT,25,
95,78,"{""en"": ""Business Regular Ticket"", ""it"": ""Biglietto Regular Business""}",male,IT,31,TRUE
96,77,"{""en"": ""Personal Regular Ticket"", ""it"": ""Biglietto Regular Personale""}",male,IT,36,
97,78,"{""en"": ""Business Regular Ticket"", ""it"": ""Biglietto Regular Business""}",male,IT,36,
98,78,"{""en"": ""Business Regular Ticket"", ""it"": ""Biglietto Regular Business""}",male,IT,42,
99,78,"{""en"": ""Business Regular Ticket"", ""it"": ""Biglietto Regular Business""}",male,IT,33,
100,78,"{""en"": ""Business Regular Ticket"", ""it"": ""Biglietto Regular Business""}",male,BD,25,
101,78,"{""en"": ""Business Regular Ticket"", ""it"": ""Biglietto Regular Business""}",,,41,
102,78,"{""en"": ""Business Regular Ticket"", ""it"": ""Biglietto Regular Business""}",,,,
103,78,"{""en"": ""Business Regular Ticket"", ""it"": ""Biglietto Regular Business""}",female,IT,47,
104,77,"{""en"": ""Personal Regular Ticket"", ""it"": ""Biglietto Regular Personale""}",male,PL,29,TRUE
105,78,"{""en"": ""Business Regular Ticket"", ""it"": ""Biglietto Regular Business""}",male,IT,30,
106,78,"{""en"": ""Business Regular Ticket"", ""it"": ""Biglietto Regular Business""}",male,IT,40,
107,78,"{""en"": ""Business Regular Ticket"", ""it"": ""Biglietto Regular Business""}",male,IT,0,
108,76,"{""en"": ""Student Regular Ticket"", ""it"": ""Biglietto Regular Studenti""}",male,IT,24,
109,77,"{""en"": ""Personal Regular Ticket"", ""it"": ""Biglietto Regular Personale""}",male,IT,40,TRUE
110,78,"{""en"": ""Business Regular Ticket"", ""it"": ""Biglietto Regular Business""}",male,IT,24,
111,77,"{""en"": ""Personal Regular Ticket"", ""it"": ""Biglietto Regular Personale""}",,,,
112,76,"{""en"": ""Student Regular Ticket"", ""it"": ""Biglietto Regular Studenti""}",male,IT,28,
113,77,"{""en"": ""Personal Regular Ticket"", ""it"": ""Biglietto Regular Personale""}",male,IT,29,
114,77,"{""en"": ""Personal Regular Ticket"", ""it"": ""Biglietto Regular Personale""}",,,,
115,78,"{""en"": ""Business Regular Ticket"", ""it"": ""Biglietto Regular Business""}",male,IT,41,
116,77,"{""en"": ""Personal Regular Ticket"", ""it"": ""Biglietto Regular Personale""}",,,,
117,76,"{""en"": ""Student Regular Ticket"", ""it"": ""Biglietto Regular Studenti""}",male,IT,23,
118,77,"{""en"": ""Personal Regular Ticket"", ""it"": ""Biglietto Regular Personale""}",,,,
119,77,"{""en"": ""Personal Regular Ticket"", ""it"": ""Biglietto Regular Personale""}",male,IT,37,
120,77,"{""en"": ""Personal Regular Ticket"", ""it"": ""Biglietto Regular Personale""}",male,IT,38,
121,78,"{""en"": ""Business Regular Ticket"", ""it"": ""Biglietto Regular Business""}",,,,
122,77,"{""en"": ""Personal Regular Ticket"", ""it"": ""Biglietto Regular Personale""}",male,IT,38,
123,77,"{""en"": ""Personal Regular Ticket"", ""it"": ""Biglietto Regular Personale""}",male,IT,28,
124,77,"{""en"": ""Personal Regular Ticket"", ""it"": ""Biglietto Regular Personale""}",,,,
125,77,"{""en"": ""Personal Regular Ticket"", ""it"": ""Biglietto Regular Personale""}",,,,
126,76,"{""en"": ""Student Regular Ticket"", ""it"": ""Biglietto Regular Studenti""}",male,IT,0,
127,77,"{""en"": ""Personal Regular Ticket"", ""it"": ""Biglietto Regular Personale""}",female,IT,0,
128,77,"{""en"": ""Personal Regular Ticket"", ""it"": ""Biglietto Regular Personale""}",male,IT,38,
129,78,"{""en"": ""Business Regular Ticket"", ""it"": ""Biglietto Regular Business""}",male,FR,31,
130,77,"{""en"": ""Personal Regular Ticket"", ""it"": ""Biglietto Regular Personale""}",male,IT,32,
131,78,"{""en"": ""Business Regular Ticket"", ""it"": ""Biglietto Regular Business""}",male,IT,36,
132,78,"{""en"": ""Business Regular Ticket"", ""it"": ""Biglietto Regular Business""}",male,IT,49,
133,78,"{""en"": ""Business Regular Ticket"", ""it"": ""Biglietto Regular Business""}",,,,
134,77,"{""en"": ""Personal Regular Ticket"", ""it"": ""Biglietto Regular Personale""}",,,,
135,77,"{""en"": ""Personal Regular Ticket"", ""it"": ""Biglietto Regular Personale""}",male,IT,31,
136,77,"{""en"": ""Personal Regular Ticket"", ""it"": ""Biglietto Regular Personale""}",male,IT,52,
137,81,"{""en"": ""Personal Late Ticket"", ""it"": ""Biglietto Late Personale""}",male,ES,27,
138,78,"{""en"": ""Business Regular Ticket"", ""it"": ""Biglietto Regular Business""}",,,,
139,77,"{""en"": ""Personal Regular Ticket"", ""it"": ""Biglietto Regular Personale""}",male,IT,32,
140,77,"{""en"": ""Personal Regular Ticket"", ""it"": ""Biglietto Regular Personale""}",male,IT,27,
141,77,"{""en"": ""Personal Regular Ticket"", ""it"": ""Biglietto Regular Personale""}",male,IT,40,
142,77,"{""en"": ""Personal Regular Ticket"", ""it"": ""Biglietto Regular Personale""}",male,IT,42,
143,77,"{""en"": ""Personal Regular Ticket"", ""it"": ""Biglietto Regular Personale""}",female,IT,38,
144,77,"{""en"": ""Personal Regular Ticket"", ""it"": ""Biglietto Regular Personale""}",male,ES,24,
145,77,"{""en"": ""Personal Regular Ticket"", ""it"": ""Biglietto Regular Personale""}",female,PL,32,
146,78,"{""en"": ""Business Regular Ticket"", ""it"": ""Biglietto Regular Business""}",,,,
147,78,"{""en"": ""Business Regular Ticket"", ""it"": ""Biglietto Regular Business""}",male,IT,27,
148,78,"{""en"": ""Business Regular Ticket"", ""it"": ""Biglietto Regular Business""}",male,IT,41,
149,77,"{""en"": ""Personal Regular Ticket"", ""it"": ""Biglietto Regular Personale""}",,,,
150,77,"{""en"": ""Personal Regular Ticket"", ""it"": ""Biglietto Regular Personale""}",female,CM,41,
151,77,"{""en"": ""Personal Regular Ticket"", ""it"": ""Biglietto Regular Personale""}",not_say,ES,24,
152,77,"{""en"": ""Personal Regular Ticket"", ""it"": ""Biglietto Regular Personale""}",,,,
153,78,"{""en"": ""Business Regular Ticket"", ""it"": ""Biglietto Regular Business""}",,,,
154,77,"{""en"": ""Personal Regular Ticket"", ""it"": ""Biglietto Regular Personale""}",female,IN,23,TRUE
155,77,"{""en"": ""Personal Regular Ticket"", ""it"": ""Biglietto Regular Personale""}",female,GH,28,
156,77,"{""en"": ""Personal Regular Ticket"", ""it"": ""Biglietto Regular Personale""}",male,IT,33,
157,77,"{""en"": ""Personal Regular Ticket"", ""it"": ""Biglietto Regular Personale""}",female,IN,22,
158,78,"{""en"": ""Business Regular Ticket"", ""it"": ""Biglietto Regular Business""}",,,31,
159,77,"{""en"": ""Personal Regular Ticket"", ""it"": ""Biglietto Regular Personale""}",male,IT,53,
160,78,"{""en"": ""Business Regular Ticket"", ""it"": ""Biglietto Regular Business""}",,,,
161,78,"{""en"": ""Business Regular Ticket"", ""it"": ""Biglietto Regular Business""}",,,,
162,78,"{""en"": ""Business Regular Ticket"", ""it"": ""Biglietto Regular Business""}",,,,
163,76,"{""en"": ""Student Regular Ticket"", ""it"": ""Biglietto Regular Studenti""}",,,36,
164,78,"{""en"": ""Business Regular Ticket"", ""it"": ""Biglietto Regular Business""}",,,,
165,78,"{""en"": ""Business Regular Ticket"", ""it"": ""Biglietto Regular Business""}",,,827,
166,78,"{""en"": ""Business Regular Ticket"", ""it"": ""Biglietto Regular Business""}",male,IT,26,
167,78,"{""en"": ""Business Regular Ticket"", ""it"": ""Biglietto Regular Business""}",male,IT,32,
168,78,"{""en"": ""Business Regular Ticket"", ""it"": ""Biglietto Regular Business""}",,,,
169,78,"{""en"": ""Business Regular Ticket"", ""it"": ""Biglietto Regular Business""}",male,IT,26,
170,77,"{""en"": ""Personal Regular Ticket"", ""it"": ""Biglietto Regular Personale""}",female,IT,0,
171,78,"{""en"": ""Business Regular Ticket"", ""it"": ""Biglietto Regular Business""}",male,IT,29,
172,78,"{""en"": ""Business Regular Ticket"", ""it"": ""Biglietto Regular Business""}",male,IT,51,
173,78,"{""en"": ""Business Regular Ticket"", ""it"": ""Biglietto Regular Business""}",male,IT,44,
174,78,"{""en"": ""Business Regular Ticket"", ""it"": ""Biglietto Regular Business""}",female,IT,38,
175,77,"{""en"": ""Personal Regular Ticket"", ""it"": ""Biglietto Regular Personale""}",male,ES,19,
176,78,"{""en"": ""Business Regular Ticket"", ""it"": ""Biglietto Regular Business""}",male,IT,24,
177,78,"{""en"": ""Business Regular Ticket"", ""it"": ""Biglietto Regular Business""}",,,,
178,78,"{""en"": ""Business Regular Ticket"", ""it"": ""Biglietto Regular Business""}",male,NO,30,
179,78,"{""en"": ""Business Regular Ticket"", ""it"": ""Biglietto Regular Business""}",male,NO,0,
180,76,"{""en"": ""Student Regular Ticket"", ""it"": ""Biglietto Regular Studenti""}",male,IT,35,
181,77,"{""en"": ""Personal Regular Ticket"", ""it"": ""Biglietto Regular Personale""}",male,IT,42,
182,77,"{""en"": ""Personal Regular Ticket"", ""it"": ""Biglietto Regular Personale""}",male,IE,27,
183,77,"{""en"": ""Personal Regular Ticket"", ""it"": ""Biglietto Regular Personale""}",male,CH,36,
184,77,"{""en"": ""Personal Regular Ticket"", ""it"": ""Biglietto Regular Personale""}",,,,
185,77,"{""en"": ""Personal Regular Ticket"", ""it"": ""Biglietto Regular Personale""}",female,HR,31,
186,77,"{""en"": ""Personal Regular Ticket"", ""it"": ""Biglietto Regular Personale""}",male,AL,39,
187,77,"{""en"": ""Personal Regular Ticket"", ""it"": ""Biglietto Regular Personale""}",male,HR,44,
188,77,"{""en"": ""Personal Regular Ticket"", ""it"": ""Biglietto Regular Personale""}",,,,
189,77,"{""en"": ""Personal Regular Ticket"", ""it"": ""Biglietto Regular Personale""}",,,,
190,78,"{""en"": ""Business Regular Ticket"", ""it"": ""Biglietto Regular Business""}",male,IT,37,
191,77,"{""en"": ""Personal Regular Ticket"", ""it"": ""Biglietto Regular Personale""}",male,IT,38,
192,77,"{""en"": ""Personal Regular Ticket"", ""it"": ""Biglietto Regular Personale""}",male,HR,32,
193,77,"{""en"": ""Personal Regular Ticket"", ""it"": ""Biglietto Regular Personale""}",male,HR,33,
194,77,"{""en"": ""Personal Regular Ticket"", ""it"": ""Biglietto Regular Personale""}",male,HR,32,
195,77,"{""en"": ""Personal Regular Ticket"", ""it"": ""Biglietto Regular Personale""}",male,HR,32,
196,77,"{""en"": ""Personal Regular Ticket"", ""it"": ""Biglietto Regular Personale""}",not_say,HR,33,
197,77,"{""en"": ""Personal Regular Ticket"", ""it"": ""Biglietto Regular Personale""}",male,IN,22,TRUE
198,77,"{""en"": ""Personal Regular Ticket"", ""it"": ""Biglietto Regular Personale""}",,,,
199,77,"{""en"": ""Personal Regular Ticket"", ""it"": ""Biglietto Regular Personale""}",male,IT,28,TRUE
200,77,"{""en"": ""Personal Regular Ticket"", ""it"": ""Biglietto Regular Personale""}",male,IT,42,
201,77,"{""en"": ""Personal Regular Ticket"", ""it"": ""Biglietto Regular Personale""}",,,28,TRUE
202,77,"{""en"": ""Personal Regular Ticket"", ""it"": ""Biglietto Regular Personale""}",male,IT,26,
203,77,"{""en"": ""Personal Regular Ticket"", ""it"": ""Biglietto Regular Personale""}",,,33,TRUE
204,77,"{""en"": ""Personal Regular Ticket"", ""it"": ""Biglietto Regular Personale""}",female,IT,25,
205,78,"{""en"": ""Business Regular Ticket"", ""it"": ""Biglietto Regular Business""}",,,,
206,77,"{""en"": ""Personal Regular Ticket"", ""it"": ""Biglietto Regular Personale""}",female,US,29,TRUE
207,77,"{""en"": ""Personal Regular Ticket"", ""it"": ""Biglietto Regular Personale""}",male,IT,39,TRUE
208,77,"{""en"": ""Personal Regular Ticket"", ""it"": ""Biglietto Regular Personale""}",female,GB,35,TRUE
209,77,"{""en"": ""Personal Regular Ticket"", ""it"": ""Biglietto Regular Personale""}",male,IT,37,TRUE
210,77,"{""en"": ""Personal Regular Ticket"", ""it"": ""Biglietto Regular Personale""}",male,PT,28,TRUE
211,81,"{""en"": ""Personal Late Ticket"", ""it"": ""Biglietto Late Personale""}",male,IT,49,TRUE
212,77,"{""en"": ""Personal Regular Ticket"", ""it"": ""Biglietto Regular Personale""}",male,IT,43,
213,77,"{""en"": ""Personal Regular Ticket"", ""it"": ""Biglietto Regular Personale""}",male,ES,44,TRUE
214,77,"{""en"": ""Personal Regular Ticket"", ""it"": ""Biglietto Regular Personale""}",female,GB,31,TRUE
215,77,"{""en"": ""Personal Regular Ticket"", ""it"": ""Biglietto Regular Personale""}",male,GB,51,TRUE
216,77,"{""en"": ""Personal Regular Ticket"", ""it"": ""Biglietto Regular Personale""}",male,DE,25,TRUE
217,77,"{""en"": ""Personal Regular Ticket"", ""it"": ""Biglietto Regular Personale""}",male,IT,44,TRUE
218,77,"{""en"": ""Personal Regular Ticket"", ""it"": ""Biglietto Regular Personale""}",male,HR,37,TRUE
219,81,"{""en"": ""Personal Late Ticket"", ""it"": ""Biglietto Late Personale""}",female,IL,33,TRUE
220,77,"{""en"": ""Personal Regular Ticket"", ""it"": ""Biglietto Regular Personale""}",,,,
221,77,"{""en"": ""Personal Regular Ticket"", ""it"": ""Biglietto Regular Personale""}",,,,
222,77,"{""en"": ""Personal Regular Ticket"", ""it"": ""Biglietto Regular Personale""}",male,IT,19,TRUE
223,77,"{""en"": ""Personal Regular Ticket"", ""it"": ""Biglietto Regular Personale""}",female,ES,30,TRUE
224,81,"{""en"": ""Personal Late Ticket"", ""it"": ""Biglietto Late Personale""}",male,IT,32,TRUE
225,81,"{""en"": ""Personal Late Ticket"", ""it"": ""Biglietto Late Personale""}",male,ES,27,TRUE
226,77,"{""en"": ""Personal Regular Ticket"", ""it"": ""Biglietto Regular Personale""}",,,44,TRUE
227,77,"{""en"": ""Personal Regular Ticket"", ""it"": ""Biglietto Regular Personale""}",male,ES,0,TRUE
228,77,"{""en"": ""Personal Regular Ticket"", ""it"": ""Biglietto Regular Personale""}",female,IT,32,
229,77,"{""en"": ""Personal Regular Ticket"", ""it"": ""Biglietto Regular Personale""}",female,RU,31,TRUE
230,77,"{""en"": ""Personal Regular Ticket"", ""it"": ""Biglietto Regular Personale""}",male,BE,35,TRUE
231,77,"{""en"": ""Personal Regular Ticket"", ""it"": ""Biglietto Regular Personale""}",,,61,
232,76,"{""en"": ""Student Regular Ticket"", ""it"": ""Biglietto Regular Studenti""}",,,,
233,77,"{""en"": ""Personal Regular Ticket"", ""it"": ""Biglietto Regular Personale""}",male,IT,39,TRUE
234,77,"{""en"": ""Personal Regular Ticket"", ""it"": ""Biglietto Regular Personale""}",,,20,TRUE
235,77,"{""en"": ""Personal Regular Ticket"", ""it"": ""Biglietto Regular Personale""}",male,IT,37,
236,77,"{""en"": ""Personal Regular Ticket"", ""it"": ""Biglietto Regular Personale""}",male,IT,26,TRUE
237,77,"{""en"": ""Personal Regular Ticket"", ""it"": ""Biglietto Regular Personale""}",male,IT,37,TRUE
238,77,"{""en"": ""Personal Regular Ticket"", ""it"": ""Biglietto Regular Personale""}",male,IT,34,TRUE
239,78,"{""en"": ""Business Regular Ticket"", ""it"": ""Biglietto Regular Business""}",male,IT,28,
240,77,"{""en"": ""Personal Regular Ticket"", ""it"": ""Biglietto Regular Personale""}",female,IT,45,TRUE
241,78,"{""en"": ""Business Regular Ticket"", ""it"": ""Biglietto Regular Business""}",male,SK,26,
242,77,"{""en"": ""Personal Regular Ticket"", ""it"": ""Biglietto Regular Personale""}",male,IT,39,TRUE
243,77,"{""en"": ""Personal Regular Ticket"", ""it"": ""Biglietto Regular Personale""}",,,,
244,77,"{""en"": ""Personal Regular Ticket"", ""it"": ""Biglietto Regular Personale""}",male,NL,25,TRUE
245,77,"{""en"": ""Personal Regular Ticket"", ""it"": ""Biglietto Regular Personale""}",male,DE,53,TRUE
246,77,"{""en"": ""Personal Regular Ticket"", ""it"": ""Biglietto Regular Personale""}",male,ES,32,TRUE
247,77,"{""en"": ""Personal Regular Ticket"", ""it"": ""Biglietto Regular Personale""}",male,IT,0,TRUE
248,78,"{""en"": ""Business Regular Ticket"", ""it"": ""Biglietto Regular Business""}",,,,
249,78,"{""en"": ""Business Regular Ticket"", ""it"": ""Biglietto Regular Business""}",,,,
250,78,"{""en"": ""Business Regular Ticket"", ""it"": ""Biglietto Regular Business""}",male,IT,39,
251,77,"{""en"": ""Personal Regular Ticket"", ""it"": ""Biglietto Regular Personale""}",male,SI,36,TRUE
252,77,"{""en"": ""Personal Regular Ticket"", ""it"": ""Biglietto Regular Personale""}",male,IT,60,TRUE
253,78,"{""en"": ""Business Regular Ticket"", ""it"": ""Biglietto Regular Business""}",female,IT,36,
254,77,"{""en"": ""Personal Regular Ticket"", ""it"": ""Biglietto Regular Personale""}",male,CH,29,TRUE
255,78,"{""en"": ""Business Regular Ticket"", ""it"": ""Biglietto Regular Business""}",male,IT,34,TRUE
256,78,"{""en"": ""Business Regular Ticket"", ""it"": ""Biglietto Regular Business""}",,,,
257,78,"{""en"": ""Business Regular Ticket"", ""it"": ""Biglietto Regular Business""}",male,IT,41,
258,77,"{""en"": ""Personal Regular Ticket"", ""it"": ""Biglietto Regular Personale""}",male,DE,24,
259,81,"{""en"": ""Personal Late Ticket"", ""it"": ""Biglietto Late Personale""}",female,DE,32,TRUE
260,78,"{""en"": ""Business Regular Ticket"", ""it"": ""Biglietto Regular Business""}",,,,
261,77,"{""en"": ""Personal Regular Ticket"", ""it"": ""Biglietto Regular Personale""}",female,SI,0,TRUE
262,77,"{""en"": ""Personal Regular Ticket"", ""it"": ""Biglietto Regular Personale""}",male,IN,0,TRUE
263,77,"{""en"": ""Personal Regular Ticket"", ""it"": ""Biglietto Regular Personale""}",male,IT,40,TRUE
264,77,"{""en"": ""Personal Regular Ticket"", ""it"": ""Biglietto Regular Personale""}",male,IT,38,TRUE
265,78,"{""en"": ""Business Regular Ticket"", ""it"": ""Biglietto Regular Business""}",male,IT,36,
266,78,"{""en"": ""Business Regular Ticket"", ""it"": ""Biglietto Regular Business""}",male,IT,31,
267,81,"{""en"": ""Personal Late Ticket"", ""it"": ""Biglietto Late Personale""}",male,IT,27,TRUE
268,77,"{""en"": ""Personal Regular Ticket"", ""it"": ""Biglietto Regular Personale""}",,,32,TRUE
269,80,"{""en"": ""Student Late Ticket"", ""it"": ""Biglietto Late Studenti""}",female,IT,27,
270,77,"{""en"": ""Personal Regular Ticket"", ""it"": ""Biglietto Regular Personale""}",,,,
271,77,"{""en"": ""Personal Regular Ticket"", ""it"": ""Biglietto Regular Personale""}",male,IT,27,
272,81,"{""en"": ""Personal Late Ticket"", ""it"": ""Biglietto Late Personale""}",male,IT,28,
273,82,"{""en"": ""Business Late Ticket"", ""it"": ""Biglietto Late Business""}",,,,
274,82,"{""en"": ""Business Late Ticket"", ""it"": ""Biglietto Late Business""}",male,IT,27,
275,81,"{""en"": ""Personal Late Ticket"", ""it"": ""Biglietto Late Personale""}",female,IT,40,TRUE
276,81,"{""en"": ""Personal Late Ticket"", ""it"": ""Biglietto Late Personale""}",male,IT,42,TRUE
277,81,"{""en"": ""Personal Late Ticket"", ""it"": ""Biglietto Late Personale""}",male,IT,46,TRUE
278,82,"{""en"": ""Business Late Ticket"", ""it"": ""Biglietto Late Business""}",,,,
279,82,"{""en"": ""Business Late Ticket"", ""it"": ""Biglietto Late Business""}",,,,
280,82,"{""en"": ""Business Late Ticket"", ""it"": ""Biglietto Late Business""}",female,IT,32,
281,81,"{""en"": ""Personal Late Ticket"", ""it"": ""Biglietto Late Personale""}",male,IT,41,TRUE
282,82,"{""en"": ""Business Late Ticket"", ""it"": ""Biglietto Late Business""}",male,IT,0,
283,81,"{""en"": ""Personal Late Ticket"", ""it"": ""Biglietto Late Personale""}",male,IT,39,TRUE
284,77,"{""en"": ""Personal Regular Ticket"", ""it"": ""Biglietto Regular Personale""}",female,IT,25,
285,81,"{""en"": ""Personal Late Ticket"", ""it"": ""Biglietto Late Personale""}",male,CA,43,TRUE
286,78,"{""en"": ""Business Regular Ticket"", ""it"": ""Biglietto Regular Business""}",,,,
287,82,"{""en"": ""Business Late Ticket"", ""it"": ""Biglietto Late Business""}",male,IT,28,
288,82,"{""en"": ""Business Late Ticket"", ""it"": ""Biglietto Late Business""}",male,IT,27,
289,81,"{""en"": ""Personal Late Ticket"", ""it"": ""Biglietto Late Personale""}",female,DE,30,TRUE
290,81,"{""en"": ""Personal Late Ticket"", ""it"": ""Biglietto Late Personale""}",male,IT,36,TRUE
291,82,"{""en"": ""Business Late Ticket"", ""it"": ""Biglietto Late Business""}",female,IT,28,
292,81,"{""en"": ""Personal Late Ticket"", ""it"": ""Biglietto Late Personale""}",male,IT,32,TRUE
293,81,"{""en"": ""Personal Late Ticket"", ""it"": ""Biglietto Late Personale""}",male,IT,18,TRUE
294,81,"{""en"": ""Personal Late Ticket"", ""it"": ""Biglietto Late Personale""}",female,IT,0,
295,81,"{""en"": ""Personal Late Ticket"", ""it"": ""Biglietto Late Personale""}",,,39,TRUE
296,81,"{""en"": ""Personal Late Ticket"", ""it"": ""Biglietto Late Personale""}",male,IN,24,TRUE
297,81,"{""en"": ""Personal Late Ticket"", ""it"": ""Biglietto Late Personale""}",male,IT,34,
298,81,"{""en"": ""Personal Late Ticket"", ""it"": ""Biglietto Late Personale""}",male,IT,0,TRUE
299,81,"{""en"": ""Personal Late Ticket"", ""it"": ""Biglietto Late Personale""}",female,IN,23,TRUE
300,81,"{""en"": ""Personal Late Ticket"", ""it"": ""Biglietto Late Personale""}",male,IT,41,TRUE
301,81,"{""en"": ""Personal Late Ticket"", ""it"": ""Biglietto Late Personale""}",male,UA,36,TRUE
302,81,"{""en"": ""Personal Late Ticket"", ""it"": ""Biglietto Late Personale""}",male,US,31,TRUE
303,82,"{""en"": ""Business Late Ticket"", ""it"": ""Biglietto Late Business""}",male,CZ,34,
304,81,"{""en"": ""Personal Late Ticket"", ""it"": ""Biglietto Late Personale""}",male,IT,36,
305,81,"{""en"": ""Personal Late Ticket"", ""it"": ""Biglietto Late Personale""}",male,IT,27,TRUE
306,82,"{""en"": ""Business Late Ticket"", ""it"": ""Biglietto Late Business""}",male,IT,27,TRUE
307,81,"{""en"": ""Personal Late Ticket"", ""it"": ""Biglietto Late Personale""}",male,GB,45,TRUE
308,81,"{""en"": ""Personal Late Ticket"", ""it"": ""Biglietto Late Personale""}",male,GB,32,TRUE
309,81,"{""en"": ""Personal Late Ticket"", ""it"": ""Biglietto Late Personale""}",male,IE,32,TRUE
310,82,"{""en"": ""Business Late Ticket"", ""it"": ""Biglietto Late Business""}",not_say,IT,31,
311,82,"{""en"": ""Business Late Ticket"", ""it"": ""Biglietto Late Business""}",male,IT,48,
312,81,"{""en"": ""Personal Late Ticket"", ""it"": ""Biglietto Late Personale""}",male,DE,31,TRUE
313,81,"{""en"": ""Personal Late Ticket"", ""it"": ""Biglietto Late Personale""}",male,IT,35,TRUE
314,81,"{""en"": ""Personal Late Ticket"", ""it"": ""Biglietto Late Personale""}",male,NL,35,TRUE
315,81,"{""en"": ""Personal Late Ticket"", ""it"": ""Biglietto Late Personale""}",male,IT,25,TRUE
316,81,"{""en"": ""Personal Late Ticket"", ""it"": ""Biglietto Late Personale""}",male,IT,27,TRUE
317,81,"{""en"": ""Personal Late Ticket"", ""it"": ""Biglietto Late Personale""}",male,ES,47,TRUE
318,81,"{""en"": ""Personal Late Ticket"", ""it"": ""Biglietto Late Personale""}",male,IT,46,TRUE
319,81,"{""en"": ""Personal Late Ticket"", ""it"": ""Biglietto Late Personale""}",male,PL,34,TRUE
320,81,"{""en"": ""Personal Late Ticket"", ""it"": ""Biglietto Late Personale""}",male,IT,32,TRUE
321,80,"{""en"": ""Student Late Ticket"", ""it"": ""Biglietto Late Studenti""}",,,,
322,82,"{""en"": ""Business Late Ticket"", ""it"": ""Biglietto Late Business""}",,,,
323,81,"{""en"": ""Personal Late Ticket"", ""it"": ""Biglietto Late Personale""}",male,IT,27,
324,82,"{""en"": ""Business Late Ticket"", ""it"": ""Biglietto Late Business""}",not_say,IT,38,
325,81,"{""en"": ""Personal Late Ticket"", ""it"": ""Biglietto Late Personale""}",male,IT,27,
326,81,"{""en"": ""Personal Late Ticket"", ""it"": ""Biglietto Late Personale""}",male,IT,33,
327,81,"{""en"": ""Personal Late Ticket"", ""it"": ""Biglietto Late Personale""}",,,,
328,81,"{""en"": ""Personal Late Ticket"", ""it"": ""Biglietto Late Personale""}",male,IT,46,
329,81,"{""en"": ""Personal Late Ticket"", ""it"": ""Biglietto Late Personale""}",male,IT,26,
330,81,"{""en"": ""Personal Late Ticket"", ""it"": ""Biglietto Late Personale""}",male,IT,32,
331,81,"{""en"": ""Personal Late Ticket"", ""it"": ""Biglietto Late Personale""}",male,IT,44,
332,81,"{""en"": ""Personal Late Ticket"", ""it"": ""Biglietto Late Personale""}",,,,
333,80,"{""en"": ""Student Late Ticket"", ""it"": ""Biglietto Late Studenti""}",,,,
334,81,"{""en"": ""Personal Late Ticket"", ""it"": ""Biglietto Late Personale""}",,,39,
335,81,"{""en"": ""Personal Late Ticket"", ""it"": ""Biglietto Late Personale""}",male,US,57,
336,81,"{""en"": ""Personal Late Ticket"", ""it"": ""Biglietto Late Personale""}",female,IT,21,
337,81,"{""en"": ""Personal Late Ticket"", ""it"": ""Biglietto Late Personale""}",,,,
338,81,"{""en"": ""Personal Late Ticket"", ""it"": ""Biglietto Late Personale""}",male,PL,36,
339,81,"{""en"": ""Personal Late Ticket"", ""it"": ""Biglietto Late Personale""}",female,IT,27,
340,81,"{""en"": ""Personal Late Ticket"", ""it"": ""Biglietto Late Personale""}",,,,
341,80,"{""en"": ""Student Late Ticket"", ""it"": ""Biglietto Late Studenti""}",male,IT,32,
342,81,"{""en"": ""Personal Late Ticket"", ""it"": ""Biglietto Late Personale""}",male,IT,44,
343,81,"{""en"": ""Personal Late Ticket"", ""it"": ""Biglietto Late Personale""}",male,IT,26,
344,81,"{""en"": ""Personal Late Ticket"", ""it"": ""Biglietto Late Personale""}",male,IT,32,
345,81,"{""en"": ""Personal Late Ticket"", ""it"": ""Biglietto Late Personale""}",male,IT,35,
346,81,"{""en"": ""Personal Late Ticket"", ""it"": ""Biglietto Late Personale""}",male,IT,39,TRUE
347,81,"{""en"": ""Personal Late Ticket"", ""it"": ""Biglietto Late Personale""}",male,IT,0,
348,81,"{""en"": ""Personal Late Ticket"", ""it"": ""Biglietto Late Personale""}",,,,
349,81,"{""en"": ""Personal Late Ticket"", ""it"": ""Biglietto Late Personale""}",male,IT,33,
350,81,"{""en"": ""Personal Late Ticket"", ""it"": ""Biglietto Late Personale""}",,,,
351,81,"{""en"": ""Personal Late Ticket"", ""it"": ""Biglietto Late Personale""}",male,IT,39,
352,81,"{""en"": ""Personal Late Ticket"", ""it"": ""Biglietto Late Personale""}",female,US,0,TRUE
353,81,"{""en"": ""Personal Late Ticket"", ""it"": ""Biglietto Late Personale""}",,,51,TRUE
354,81,"{""en"": ""Personal Late Ticket"", ""it"": ""Biglietto Late Personale""}",not_say,GB,0,TRUE
355,82,"{""en"": ""Business Late Ticket"", ""it"": ""Biglietto Late Business""}",,,,
356,82,"{""en"": ""Business Late Ticket"", ""it"": ""Biglietto Late Business""}",,,,
357,82,"{""en"": ""Business Late Ticket"", ""it"": ""Biglietto Late Business""}",,,,
358,82,"{""en"": ""Business Late Ticket"", ""it"": ""Biglietto Late Business""}",,,,
359,81,"{""en"": ""Personal Late Ticket"", ""it"": ""Biglietto Late Personale""}",,,,
360,81,"{""en"": ""Personal Late Ticket"", ""it"": ""Biglietto Late Personale""}",male,IT,26,
361,82,"{""en"": ""Business Late Ticket"", ""it"": ""Biglietto Late Business""}",male,DE,36,
362,82,"{""en"": ""Business Late Ticket"", ""it"": ""Biglietto Late Business""}",,,,
363,82,"{""en"": ""Business Late Ticket"", ""it"": ""Biglietto Late Business""}",,,,
364,81,"{""en"": ""Personal Late Ticket"", ""it"": ""Biglietto Late Personale""}",female,US,31,
365,81,"{""en"": ""Personal Late Ticket"", ""it"": ""Biglietto Late Personale""}",female,DE,0,TRUE
366,81,"{""en"": ""Personal Late Ticket"", ""it"": ""Biglietto Late Personale""}",male,RO,25,
367,81,"{""en"": ""Personal Late Ticket"", ""it"": ""Biglietto Late Personale""}",male,RO,31,
368,81,"{""en"": ""Personal Late Ticket"", ""it"": ""Biglietto Late Personale""}",male,IN,20,TRUE
369,81,"{""en"": ""Personal Late Ticket"", ""it"": ""Biglietto Late Personale""}",,,,
370,82,"{""en"": ""Business Late Ticket"", ""it"": ""Biglietto Late Business""}",male,GR,31,
371,82,"{""en"": ""Business Late Ticket"", ""it"": ""Biglietto Late Business""}",male,DE,36,
372,82,"{""en"": ""Business Late Ticket"", ""it"": ""Biglietto Late Business""}",not_say,PL,0,
373,82,"{""en"": ""Business Late Ticket"", ""it"": ""Biglietto Late Business""}",male,GB,25,
374,81,"{""en"": ""Personal Late Ticket"", ""it"": ""Biglietto Late Personale""}",female,IT,34,TRUE
375,82,"{""en"": ""Business Late Ticket"", ""it"": ""Biglietto Late Business""}",male,UA,32,
376,82,"{""en"": ""Business Late Ticket"", ""it"": ""Biglietto Late Business""}",male,IT,38,
377,80,"{""en"": ""Student Late Ticket"", ""it"": ""Biglietto Late Studenti""}",female,PL,23,
378,81,"{""en"": ""Personal Late Ticket"", ""it"": ""Biglietto Late Personale""}",male,IT,26,
379,81,"{""en"": ""Personal Late Ticket"", ""it"": ""Biglietto Late Personale""}",male,BR,42,
380,81,"{""en"": ""Personal Late Ticket"", ""it"": ""Biglietto Late Personale""}",male,US,39,
381,81,"{""en"": ""Personal Late Ticket"", ""it"": ""Biglietto Late Personale""}",male,FR,31,TRUE
382,82,"{""en"": ""Business Late Ticket"", ""it"": ""Biglietto Late Business""}",male,LU,38,
383,81,"{""en"": ""Personal Late Ticket"", ""it"": ""Biglietto Late Personale""}",,,,
384,81,"{""en"": ""Personal Late Ticket"", ""it"": ""Biglietto Late Personale""}",male,LT,28,
385,81,"{""en"": ""Personal Late Ticket"", ""it"": ""Biglietto Late Personale""}",male,LT,0,
386,81,"{""en"": ""Personal Late Ticket"", ""it"": ""Biglietto Late Personale""}",,,,
387,81,"{""en"": ""Personal Late Ticket"", ""it"": ""Biglietto Late Personale""}",,,,
388,81,"{""en"": ""Personal Late Ticket"", ""it"": ""Biglietto Late Personale""}",,,,
389,81,"{""en"": ""Personal Late Ticket"", ""it"": ""Biglietto Late Personale""}",male,DE,28,
390,82,"{""en"": ""Business Late Ticket"", ""it"": ""Biglietto Late Business""}",,,,
391,78,"{""en"": ""Business Regular Ticket"", ""it"": ""Biglietto Regular Business""}",,,,
392,81,"{""en"": ""Personal Late Ticket"", ""it"": ""Biglietto Late Personale""}",,,,
393,81,"{""en"": ""Personal Late Ticket"", ""it"": ""Biglietto Late Personale""}",,,,
394,81,"{""en"": ""Personal Late Ticket"", ""it"": ""Biglietto Late Personale""}",male,RO,29,
395,81,"{""en"": ""Personal Late Ticket"", ""it"": ""Biglietto Late Personale""}",male,LT,35,
396,81,"{""en"": ""Personal Late Ticket"", ""it"": ""Biglietto Late Personale""}",male,LT,37,
397,78,"{""en"": ""Business Regular Ticket"", ""it"": ""Biglietto Regular Business""}",male,IT,28,
398,81,"{""en"": ""Personal Late Ticket"", ""it"": ""Biglietto Late Personale""}",male,CH,32,
399,82,"{""en"": ""Business Late Ticket"", ""it"": ""Biglietto Late Business""}",male,NO,31,
400,81,"{""en"": ""Personal Late Ticket"", ""it"": ""Biglietto Late Personale""}",male,LT,35,
401,81,"{""en"": ""Personal Late Ticket"", ""it"": ""Biglietto Late Personale""}",male,DE,39,
402,82,"{""en"": ""Business Late Ticket"", ""it"": ""Biglietto Late Business""}",,,,
403,81,"{""en"": ""Personal Late Ticket"", ""it"": ""Biglietto Late Personale""}",male,IT,31,TRUE
404,82,"{""en"": ""Business Late Ticket"", ""it"": ""Biglietto Late Business""}",female,IE,30,
405,82,"{""en"": ""Business Late Ticket"", ""it"": ""Biglietto Late Business""}",,,,
406,82,"{""en"": ""Business Late Ticket"", ""it"": ""Biglietto Late Business""}",,,,
407,82,"{""en"": ""Business Late Ticket"", ""it"": ""Biglietto Late Business""}",male,NG,26,
408,81,"{""en"": ""Personal Late Ticket"", ""it"": ""Biglietto Late Personale""}",male,GB,34,
409,81,"{""en"": ""Personal Late Ticket"", ""it"": ""Biglietto Late Personale""}",,,,
410,81,"{""en"": ""Personal Late Ticket"", ""it"": ""Biglietto Late Personale""}",male,IT,43,
411,81,"{""en"": ""Personal Late Ticket"", ""it"": ""Biglietto Late Personale""}",female,IT,41,
412,81,"{""en"": ""Personal Late Ticket"", ""it"": ""Biglietto Late Personale""}",,,,
413,81,"{""en"": ""Personal Late Ticket"", ""it"": ""Biglietto Late Personale""}",,,,
414,82,"{""en"": ""Business Late Ticket"", ""it"": ""Biglietto Late Business""}",,,,
415,82,"{""en"": ""Business Late Ticket"", ""it"": ""Biglietto Late Business""}",male,IT,36,
416,80,"{""en"": ""Student Late Ticket"", ""it"": ""Biglietto Late Studenti""}",male,PL,23,
417,81,"{""en"": ""Personal Late Ticket"", ""it"": ""Biglietto Late Personale""}",female,IT,27,
418,81,"{""en"": ""Personal Late Ticket"", ""it"": ""Biglietto Late Personale""}",male,IN,22,
419,81,"{""en"": ""Personal Late Ticket"", ""it"": ""Biglietto Late Personale""}",male,IT,0,
420,82,"{""en"": ""Business Late Ticket"", ""it"": ""Biglietto Late Business""}",male,IT,39,
421,82,"{""en"": ""Business Late Ticket"", ""it"": ""Biglietto Late Business""}",male,IT,28,
422,82,"{""en"": ""Business Late Ticket"", ""it"": ""Biglietto Late Business""}",,,,
423,82,"{""en"": ""Business Late Ticket"", ""it"": ""Biglietto Late Business""}",male,SE,29,
424,81,"{""en"": ""Personal Late Ticket"", ""it"": ""Biglietto Late Personale""}",female,RO,27,
425,82,"{""en"": ""Business Late Ticket"", ""it"": ""Biglietto Late Business""}",male,BE,39,
426,81,"{""en"": ""Personal Late Ticket"", ""it"": ""Biglietto Late Personale""}",male,BR,26,
427,81,"{""en"": ""Personal Late Ticket"", ""it"": ""Biglietto Late Personale""}",male,SE,53,
428,80,"{""en"": ""Student Late Ticket"", ""it"": ""Biglietto Late Studenti""}",,,,
429,81,"{""en"": ""Personal Late Ticket"", ""it"": ""Biglietto Late Personale""}",,,,
430,81,"{""en"": ""Personal Late Ticket"", ""it"": ""Biglietto Late Personale""}",not_say,CH,30,
431,82,"{""en"": ""Business Late Ticket"", ""it"": ""Biglietto Late Business""}",male,DE,50,
432,80,"{""en"": ""Student Late Ticket"", ""it"": ""Biglietto Late Studenti""}",male,PL,24,
433,81,"{""en"": ""Personal Late Ticket"", ""it"": ""Biglietto Late Personale""}",,,,
434,81,"{""en"": ""Personal Late Ticket"", ""it"": ""Biglietto Late Personale""}",female,IT,30,
435,81,"{""en"": ""Personal Late Ticket"", ""it"": ""Biglietto Late Personale""}",male,AT,34,
436,80,"{""en"": ""Student Late Ticket"", ""it"": ""Biglietto Late Studenti""}",male,MA,24,
437,80,"{""en"": ""Student Late Ticket"", ""it"": ""Biglietto Late Studenti""}",male,CH,23,
438,81,"{""en"": ""Personal Late Ticket"", ""it"": ""Biglietto Late Personale""}",male,CH,26,
439,81,"{""en"": ""Personal Late Ticket"", ""it"": ""Biglietto Late Personale""}",male,CH,30,
440,81,"{""en"": ""Personal Late Ticket"", ""it"": ""Biglietto Late Personale""}",,,,
441,81,"{""en"": ""Personal Late Ticket"", ""it"": ""Biglietto Late Personale""}",,,,
442,78,"{""en"": ""Business Regular Ticket"", ""it"": ""Biglietto Regular Business""}",male,IT,27,
443,82,"{""en"": ""Business Late Ticket"", ""it"": ""Biglietto Late Business""}",male,IT,36,
444,81,"{""en"": ""Personal Late Ticket"", ""it"": ""Biglietto Late Personale""}",,,,
445,81,"{""en"": ""Personal Late Ticket"", ""it"": ""Biglietto Late Personale""}",,,,
446,81,"{""en"": ""Personal Late Ticket"", ""it"": ""Biglietto Late Personale""}",male,IT,28,
447,80,"{""en"": ""Student Late Ticket"", ""it"": ""Biglietto Late Studenti""}",male,TR,19,
448,81,"{""en"": ""Personal Late Ticket"", ""it"": ""Biglietto Late Personale""}",male,CH,27,
449,81,"{""en"": ""Personal Late Ticket"", ""it"": ""Biglietto Late Personale""}",male,BE,23,
450,82,"{""en"": ""Business Late Ticket"", ""it"": ""Biglietto Late Business""}",female,IT,29,
451,81,"{""en"": ""Personal Late Ticket"", ""it"": ""Biglietto Late Personale""}",male,CH,27,
452,82,"{""en"": ""Business Late Ticket"", ""it"": ""Biglietto Late Business""}",,,,
453,82,"{""en"": ""Business Late Ticket"", ""it"": ""Biglietto Late Business""}",male,IT,26,
454,81,"{""en"": ""Personal Late Ticket"", ""it"": ""Biglietto Late Personale""}",male,FR,27,
455,81,"{""en"": ""Personal Late Ticket"", ""it"": ""Biglietto Late Personale""}",female,IT,31,TRUE
456,81,"{""en"": ""Personal Late Ticket"", ""it"": ""Biglietto Late Personale""}",,,,
457,81,"{""en"": ""Personal Late Ticket"", ""it"": ""Biglietto Late Personale""}",male,NG,23,
458,82,"{""en"": ""Business Late Ticket"", ""it"": ""Biglietto Late Business""}",,,,
459,82,"{""en"": ""Business Late Ticket"", ""it"": ""Biglietto Late Business""}",male,IT,29,
460,82,"{""en"": ""Business Late Ticket"", ""it"": ""Biglietto Late Business""}",,,,
461,82,"{""en"": ""Business Late Ticket"", ""it"": ""Biglietto Late Business""}",male,MD,23,
462,80,"{""en"": ""Student Late Ticket"", ""it"": ""Biglietto Late Studenti""}",male,IT,16,
463,82,"{""en"": ""Business Late Ticket"", ""it"": ""Biglietto Late Business""}",female,IT,32,
464,81,"{""en"": ""Personal Late Ticket"", ""it"": ""Biglietto Late Personale""}",,,32,TRUE
465,82,"{""en"": ""Business Late Ticket"", ""it"": ""Biglietto Late Business""}",male,IT,27,
466,81,"{""en"": ""Personal Late Ticket"", ""it"": ""Biglietto Late Personale""}",female,IT,32,TRUE
467,82,"{""en"": ""Business Late Ticket"", ""it"": ""Biglietto Late Business""}",male,IT,28,
468,82,"{""en"": ""Business Late Ticket"", ""it"": ""Biglietto Late Business""}",male,IT,29,
469,81,"{""en"": ""Personal Late Ticket"", ""it"": ""Biglietto Late Personale""}",,,,
470,82,"{""en"": ""Business Late Ticket"", ""it"": ""Biglietto Late Business""}",male,IT,37,
471,81,"{""en"": ""Personal Late Ticket"", ""it"": ""Biglietto Late Personale""}",male,IT,27,
472,82,"{""en"": ""Business Late Ticket"", ""it"": ""Biglietto Late Business""}",,,,
473,81,"{""en"": ""Personal Late Ticket"", ""it"": ""Biglietto Late Personale""}",male,IT,39,
474,81,"{""en"": ""Personal Late Ticket"", ""it"": ""Biglietto Late Personale""}",,,,
475,81,"{""en"": ""Personal Late Ticket"", ""it"": ""Biglietto Late Personale""}",male,IT,37,
476,81,"{""en"": ""Personal Late Ticket"", ""it"": ""Biglietto Late Personale""}",,,,
477,81,"{""en"": ""Personal Late Ticket"", ""it"": ""Biglietto Late Personale""}",male,IT,32,
478,80,"{""en"": ""Student Late Ticket"", ""it"": ""Biglietto Late Studenti""}",female,IT,25,
479,81,"{""en"": ""Personal Late Ticket"", ""it"": ""Biglietto Late Personale""}",,,,
480,82,"{""en"": ""Business Late Ticket"", ""it"": ""Biglietto Late Business""}",,,,TRUE
481,81,"{""en"": ""Personal Late Ticket"", ""it"": ""Biglietto Late Personale""}",female,PL,28,
482,81,"{""en"": ""Personal Late Ticket"", ""it"": ""Biglietto Late Personale""}",male,ES,29,
483,81,"{""en"": ""Personal Late Ticket"", ""it"": ""Biglietto Late Personale""}",male,PL,50,
484,80,"{""en"": ""Student Late Ticket"", ""it"": ""Biglietto Late Studenti""}",,,,
485,80,"{""en"": ""Student Late Ticket"", ""it"": ""Biglietto Late Studenti""}",,,,
486,80,"{""en"": ""Student Late Ticket"", ""it"": ""Biglietto Late Studenti""}",,,,
487,81,"{""en"": ""Personal Late Ticket"", ""it"": ""Biglietto Late Personale""}",male,IT,0,
488,82,"{""en"": ""Business Late Ticket"", ""it"": ""Biglietto Late Business""}",male,ES,40,
489,82,"{""en"": ""Business Late Ticket"", ""it"": ""Biglietto Late Business""}",female,NO,39,
490,81,"{""en"": ""Personal Late Ticket"", ""it"": ""Biglietto Late Personale""}",male,IT,31,
491,80,"{""en"": ""Student Late Ticket"", ""it"": ""Biglietto Late Studenti""}",male,IT,24,
492,81,"{""en"": ""Personal Late Ticket"", ""it"": ""Biglietto Late Personale""}",male,IT,38,
493,80,"{""en"": ""Student Late Ticket"", ""it"": ""Biglietto Late Studenti""}",male,IT,0,
494,80,"{""en"": ""Student Late Ticket"", ""it"": ""Biglietto Late Studenti""}",male,TR,23,
495,81,"{""en"": ""Personal Late Ticket"", ""it"": ""Biglietto Late Personale""}",,,,
496,82,"{""en"": ""Business Late Ticket"", ""it"": ""Biglietto Late Business""}",male,FR,33,
497,82,"{""en"": ""Business Late Ticket"", ""it"": ""Biglietto Late Business""}",male,ES,46,
498,77,"{""en"": ""Personal Regular Ticket"", ""it"": ""Biglietto Regular Personale""}",male,IN,15,TRUE
499,81,"{""en"": ""Personal Late Ticket"", ""it"": ""Biglietto Late Personale""}",,,,
500,82,"{""en"": ""Business Late Ticket"", ""it"": ""Biglietto Late Business""}",male,IT,33,
501,77,"{""en"": ""Personal Regular Ticket"", ""it"": ""Biglietto Regular Personale""}",female,NL,31,
502,81,"{""en"": ""Personal Late Ticket"", ""it"": ""Biglietto Late Personale""}",male,US,42,
503,81,"{""en"": ""Personal Late Ticket"", ""it"": ""Biglietto Late Personale""}",male,NO,31,
504,81,"{""en"": ""Personal Late Ticket"", ""it"": ""Biglietto Late Personale""}",,,,
505,81,"{""en"": ""Personal Late Ticket"", ""it"": ""Biglietto Late Personale""}",male,NO,27,
506,77,"{""en"": ""Personal Regular Ticket"", ""it"": ""Biglietto Regular Personale""}",male,IT,36,
507,82,"{""en"": ""Business Late Ticket"", ""it"": ""Biglietto Late Business""}",,,,
508,81,"{""en"": ""Personal Late Ticket"", ""it"": ""Biglietto Late Personale""}",,,,
509,81,"{""en"": ""Personal Late Ticket"", ""it"": ""Biglietto Late Personale""}",male,IT,28,
510,81,"{""en"": ""Personal Late Ticket"", ""it"": ""Biglietto Late Personale""}",female,IT,24,
511,78,"{""en"": ""Business Regular Ticket"", ""it"": ""Biglietto Regular Business""}",,,,
512,81,"{""en"": ""Personal Late Ticket"", ""it"": ""Biglietto Late Personale""}",male,IT,29,
513,81,"{""en"": ""Personal Late Ticket"", ""it"": ""Biglietto Late Personale""}",,,2,
514,82,"{""en"": ""Business Late Ticket"", ""it"": ""Biglietto Late Business""}",female,IT,46,
515,81,"{""en"": ""Personal Late Ticket"", ""it"": ""Biglietto Late Personale""}",male,IT,35,
516,80,"{""en"": ""Student Late Ticket"", ""it"": ""Biglietto Late Studenti""}",,,,
517,81,"{""en"": ""Personal Late Ticket"", ""it"": ""Biglietto Late Personale""}",male,GB,38,
518,82,"{""en"": ""Business Late Ticket"", ""it"": ""Biglietto Late Business""}",,,,
519,81,"{""en"": ""Personal Late Ticket"", ""it"": ""Biglietto Late Personale""}",male,NG,24,
520,81,"{""en"": ""Personal Late Ticket"", ""it"": ""Biglietto Late Personale""}",male,IT,27,TRUE
521,81,"{""en"": ""Personal Late Ticket"", ""it"": ""Biglietto Late Personale""}",female,TR,0,
522,82,"{""en"": ""Business Late Ticket"", ""it"": ""Biglietto Late Business""}",,,,
523,82,"{""en"": ""Business Late Ticket"", ""it"": ""Biglietto Late Business""}",male,IT,28,
524,81,"{""en"": ""Personal Late Ticket"", ""it"": ""Biglietto Late Personale""}",male,IT,22,
525,81,"{""en"": ""Personal Late Ticket"", ""it"": ""Biglietto Late Personale""}",male,IT,32,
526,82,"{""en"": ""Business Late Ticket"", ""it"": ""Biglietto Late Business""}",,,,
527,82,"{""en"": ""Business Late Ticket"", ""it"": ""Biglietto Late Business""}",,,,
528,81,"{""en"": ""Personal Late Ticket"", ""it"": ""Biglietto Late Personale""}",male,NG,39,
529,82,"{""en"": ""Business Late Ticket"", ""it"": ""Biglietto Late Business""}",male,CZ,26,
530,81,"{""en"": ""Personal Late Ticket"", ""it"": ""Biglietto Late Personale""}",male,IT,41,
531,81,"{""en"": ""Personal Late Ticket"", ""it"": ""Biglietto Late Personale""}",male,IT,41,
532,82,"{""en"": ""Business Late Ticket"", ""it"": ""Biglietto Late Business""}",male,DE,36,
533,82,"{""en"": ""Business Late Ticket"", ""it"": ""Biglietto Late Business""}",,,,
534,81,"{""en"": ""Personal Late Ticket"", ""it"": ""Biglietto Late Personale""}",male,IT,32,
535,81,"{""en"": ""Personal Late Ticket"", ""it"": ""Biglietto Late Personale""}",male,IT,38,
536,77,"{""en"": ""Personal Regular Ticket"", ""it"": ""Biglietto Regular Personale""}",female,IT,31,
537,82,"{""en"": ""Business Late Ticket"", ""it"": ""Biglietto Late Business""}",,,,
538,82,"{""en"": ""Business Late Ticket"", ""it"": ""Biglietto Late Business""}",not_say,IT,30,
539,82,"{""en"": ""Business Late Ticket"", ""it"": ""Biglietto Late Business""}",,,,
540,82,"{""en"": ""Business Late Ticket"", ""it"": ""Biglietto Late Business""}",male,IT,32,
541,82,"{""en"": ""Business Late Ticket"", ""it"": ""Biglietto Late Business""}",male,CZ,35,
542,82,"{""en"": ""Business Late Ticket"", ""it"": ""Biglietto Late Business""}",,,,
543,82,"{""en"": ""Business Late Ticket"", ""it"": ""Biglietto Late Business""}",male,IT,33,
544,82,"{""en"": ""Business Late Ticket"", ""it"": ""Biglietto Late Business""}",,,,
545,82,"{""en"": ""Business Late Ticket"", ""it"": ""Biglietto Late Business""}",,,,
546,82,"{""en"": ""Business Late Ticket"", ""it"": ""Biglietto Late Business""}",,,,
547,82,"{""en"": ""Business Late Ticket"", ""it"": ""Biglietto Late Business""}",,,,
548,82,"{""en"": ""Business Late Ticket"", ""it"": ""Biglietto Late Business""}",,,,
549,81,"{""en"": ""Personal Late Ticket"", ""it"": ""Biglietto Late Personale""}",,,,
550,82,"{""en"": ""Business Late Ticket"", ""it"": ""Biglietto Late Business""}",male,IT,32,
551,78,"{""en"": ""Business Regular Ticket"", ""it"": ""Biglietto Regular Business""}",male,IT,24,
552,82,"{""en"": ""Business Late Ticket"", ""it"": ""Biglietto Late Business""}",male,IT,31,
553,80,"{""en"": ""Student Late Ticket"", ""it"": ""Biglietto Late Studenti""}",male,IT,23,
554,77,"{""en"": ""Personal Regular Ticket"", ""it"": ""Biglietto Regular Personale""}",not_say,DE,37,
555,82,"{""en"": ""Business Late Ticket"", ""it"": ""Biglietto Late Business""}",,,,
556,82,"{""en"": ""Business Late Ticket"", ""it"": ""Biglietto Late Business""}",,,,
557,82,"{""en"": ""Business Late Ticket"", ""it"": ""Biglietto Late Business""}",,,,
558,82,"{""en"": ""Business Late Ticket"", ""it"": ""Biglietto Late Business""}",,,,
559,81,"{""en"": ""Personal Late Ticket"", ""it"": ""Biglietto Late Personale""}",female,NG,44,
560,81,"{""en"": ""Personal Late Ticket"", ""it"": ""Biglietto Late Personale""}",male,IT,31,
561,77,"{""en"": ""Personal Regular Ticket"", ""it"": ""Biglietto Regular Personale""}",male,IN,22,TRUE
562,77,"{""en"": ""Personal Regular Ticket"", ""it"": ""Biglietto Regular Personale""}",other,IT,45,
563,78,"{""en"": ""Business Regular Ticket"", ""it"": ""Biglietto Regular Business""}",male,IT,0,
564,80,"{""en"": ""Student Late Ticket"", ""it"": ""Biglietto Late Studenti""}",,,,
565,77,"{""en"": ""Personal Regular Ticket"", ""it"": ""Biglietto Regular Personale""}",male,IT,32,
566,78,"{""en"": ""Business Regular Ticket"", ""it"": ""Biglietto Regular Business""}",male,IT,48,
567,77,"{""en"": ""Personal Regular Ticket"", ""it"": ""Biglietto Regular Personale""}",male,DE,51,
568,81,"{""en"": ""Personal Late Ticket"", ""it"": ""Biglietto Late Personale""}",female,IT,26,
569,77,"{""en"": ""Personal Regular Ticket"", ""it"": ""Biglietto Regular Personale""}",,,,
570,82,"{""en"": ""Business Late Ticket"", ""it"": ""Biglietto Late Business""}",female,IT,28,
571,77,"{""en"": ""Personal Regular Ticket"", ""it"": ""Biglietto Regular Personale""}",male,IT,53,
572,82,"{""en"": ""Business Late Ticket"", ""it"": ""Biglietto Late Business""}",,,,
573,82,"{""en"": ""Business Late Ticket"", ""it"": ""Biglietto Late Business""}",male,IT,32,
574,81,"{""en"": ""Personal Late Ticket"", ""it"": ""Biglietto Late Personale""}",female,IT,28,TRUE
575,82,"{""en"": ""Business Late Ticket"", ""it"": ""Biglietto Late Business""}",male,IT,61,
576,77,"{""en"": ""Personal Regular Ticket"", ""it"": ""Biglietto Regular Personale""}",male,IT,40,
577,77,"{""en"": ""Personal Regular Ticket"", ""it"": ""Biglietto Regular Personale""}",male,IT,28,
578,82,"{""en"": ""Business Late Ticket"", ""it"": ""Biglietto Late Business""}",male,IT,47,
579,81,"{""en"": ""Personal Late Ticket"", ""it"": ""Biglietto Late Personale""}",male,IT,27,
580,81,"{""en"": ""Personal Late Ticket"", ""it"": ""Biglietto Late Personale""}",,,,
581,81,"{""en"": ""Personal Late Ticket"", ""it"": ""Biglietto Late Personale""}",male,DE,31,
582,82,"{""en"": ""Business Late Ticket"", ""it"": ""Biglietto Late Business""}",male,IT,36,
583,81,"{""en"": ""Personal Late Ticket"", ""it"": ""Biglietto Late Personale""}",male,US,36,
584,80,"{""en"": ""Student Late Ticket"", ""it"": ""Biglietto Late Studenti""}",male,DE,24,
585,81,"{""en"": ""Personal Late Ticket"", ""it"": ""Biglietto Late Personale""}",female,US,0,
586,82,"{""en"": ""Business Late Ticket"", ""it"": ""Biglietto Late Business""}",,,,
587,81,"{""en"": ""Personal Late Ticket"", ""it"": ""Biglietto Late Personale""}",,,,
588,80,"{""en"": ""Student Late Ticket"", ""it"": ""Biglietto Late Studenti""}",male,IT,28,
589,81,"{""en"": ""Personal Late Ticket"", ""it"": ""Biglietto Late Personale""}",female,RO,25,
590,81,"{""en"": ""Personal Late Ticket"", ""it"": ""Biglietto Late Personale""}",male,HR,27,
591,82,"{""en"": ""Business Late Ticket"", ""it"": ""Biglietto Late Business""}",,,,
592,81,"{""en"": ""Personal Late Ticket"", ""it"": ""Biglietto Late Personale""}",female,IT,27,TRUE
593,80,"{""en"": ""Student Late Ticket"", ""it"": ""Biglietto Late Studenti""}",male,IT,27,
594,82,"{""en"": ""Business Late Ticket"", ""it"": ""Biglietto Late Business""}",male,IT,32,TRUE
595,81,"{""en"": ""Personal Late Ticket"", ""it"": ""Biglietto Late Personale""}",female,IT,37,
596,81,"{""en"": ""Personal Late Ticket"", ""it"": ""Biglietto Late Personale""}",male,SE,29,
597,81,"{""en"": ""Personal Late Ticket"", ""it"": ""Biglietto Late Personale""}",male,IT,35,
598,81,"{""en"": ""Personal Late Ticket"", ""it"": ""Biglietto Late Personale""}",,,,
599,82,"{""en"": ""Business Late Ticket"", ""it"": ""Biglietto Late Business""}",female,IT,30,
600,82,"{""en"": ""Business Late Ticket"", ""it"": ""Biglietto Late Business""}",,,,
601,82,"{""en"": ""Business Late Ticket"", ""it"": ""Biglietto Late Business""}",female,BE,42,TRUE
602,82,"{""en"": ""Business Late Ticket"", ""it"": ""Biglietto Late Business""}",male,IT,26,
603,82,"{""en"": ""Business Late Ticket"", ""it"": ""Biglietto Late Business""}",,,,
604,82,"{""en"": ""Business Late Ticket"", ""it"": ""Biglietto Late Business""}",,,,
605,82,"{""en"": ""Business Late Ticket"", ""it"": ""Biglietto Late Business""}",,,,
606,82,"{""en"": ""Business Late Ticket"", ""it"": ""Biglietto Late Business""}",,,,
607,82,"{""en"": ""Business Late Ticket"", ""it"": ""Biglietto Late Business""}",,,,
608,82,"{""en"": ""Business Late Ticket"", ""it"": ""Biglietto Late Business""}",,,,
609,82,"{""en"": ""Business Late Ticket"", ""it"": ""Biglietto Late Business""}",,,,
610,82,"{""en"": ""Business Late Ticket"", ""it"": ""Biglietto Late Business""}",,,,
611,82,"{""en"": ""Business Late Ticket"", ""it"": ""Biglietto Late Business""}",,,,
612,82,"{""en"": ""Business Late Ticket"", ""it"": ""Biglietto Late Business""}",,,,
613,82,"{""en"": ""Business Late Ticket"", ""it"": ""Biglietto Late Business""}",,,,
614,82,"{""en"": ""Business Late Ticket"", ""it"": ""Biglietto Late Business""}",,,,
615,82,"{""en"": ""Business Late Ticket"", ""it"": ""Biglietto Late Business""}",,,,
616,82,"{""en"": ""Business Late Ticket"", ""it"": ""Biglietto Late Business""}",,,,
617,82,"{""en"": ""Business Late Ticket"", ""it"": ""Biglietto Late Business""}",,,,
618,82,"{""en"": ""Business Late Ticket"", ""it"": ""Biglietto Late Business""}",,,,
619,81,"{""en"": ""Personal Late Ticket"", ""it"": ""Biglietto Late Personale""}",,,,TRUE
620,81,"{""en"": ""Personal Late Ticket"", ""it"": ""Biglietto Late Personale""}",,,,TRUE
621,82,"{""en"": ""Business Late Ticket"", ""it"": ""Biglietto Late Business""}",,,,
622,82,"{""en"": ""Business Late Ticket"", ""it"": ""Biglietto Late Business""}",male,IN,34,
623,82,"{""en"": ""Business Late Ticket"", ""it"": ""Biglietto Late Business""}",male,IT,26,
624,82,"{""en"": ""Business Late Ticket"", ""it"": ""Biglietto Late Business""}",,,,
625,82,"{""en"": ""Business Late Ticket"", ""it"": ""Biglietto Late Business""}",,,,
626,82,"{""en"": ""Business Late Ticket"", ""it"": ""Biglietto Late Business""}",,,,
627,82,"{""en"": ""Business Late Ticket"", ""it"": ""Biglietto Late Business""}",,,,
628,82,"{""en"": ""Business Late Ticket"", ""it"": ""Biglietto Late Business""}",,,,
629,82,"{""en"": ""Business Late Ticket"", ""it"": ""Biglietto Late Business""}",,,,
630,77,"{""en"": ""Personal Regular Ticket"", ""it"": ""Biglietto Regular Personale""}",male,IN,23,TRUE
631,80,"{""en"": ""Student Late Ticket"", ""it"": ""Biglietto Late Studenti""}",,,,